Ремонт Apple iPod touch 5	|	Ремонт цифровой техники -> Планшеты и телефоны
Ремонт планшета Digma iDsD10 3G	|	Ремонт цифровой техники -> Планшеты и телефоны
Заменить дисплей айфон 5c	|	Ремонт цифровой техники -> Планшеты и телефоны
Прошить Motorola XT910 (Razr Maxx)	|	Ремонт цифровой техники -> Планшеты и телефоны
Ремонт телефона Philips S388	|	Ремонт цифровой техники -> Планшеты и телефоны
Заменить треснувший экран на айфон 5	|	Ремонт цифровой техники -> Планшеты и телефоны
Замена стекла (тача) Ipad 2	|	Ремонт цифровой техники -> Планшеты и телефоны
Заменить стекло на iPhone 5S	|	Ремонт цифровой техники -> Планшеты и телефоны
Ремонт телефона iPhone 5С	|	Ремонт цифровой техники -> Планшеты и телефоны
Ремонт планшета Digma	|	Ремонт цифровой техники -> Планшеты и телефоны
Отремонтировать телефон iphone 4 withe	|	Ремонт цифровой техники -> Планшеты и телефоны
Ремонт телефона iPhone 4s	|	Ремонт цифровой техники -> Планшеты и телефоны
Заменить стекло на iPhone 5s	|	Ремонт цифровой техники -> Планшеты и телефоны
Ремонт планшета Samsung Galaxy tab.2	|	Ремонт цифровой техники -> Планшеты и телефоны
Поменять дисплей и стекло на iphone 4	|	Ремонт цифровой техники -> Планшеты и телефоны
Заменить сенсорное стекло на Iphone 5s	|	Ремонт цифровой техники -> Планшеты и телефоны
Заменить стекло и дисплей на iPhone 5	|	Ремонт цифровой техники -> Планшеты и телефоны
Ремонт телефона Sony Xperia Z 1	|	Ремонт цифровой техники -> Планшеты и телефоны
Ремонта телефона iPhone 5S	|	Ремонт цифровой техники -> Планшеты и телефоны
Поменять дисплей на 5с	|	Ремонт цифровой техники -> Планшеты и телефоны
Ремонт телефона Nokia Asha 308	|	Ремонт цифровой техники -> Планшеты и телефоны


Ремонт компьютера	|	Компьютерная помощь -> Ремонт компьютеров и ноутбуков
Диагностика и ремонт ноутбука Samsung R528	|	Компьютерная помощь -> Ремонт компьютеров и ноутбуков
Ремонт ноутбука Samsung NP530U3C-A02	|	Компьютерная помощь -> Ремонт компьютеров и ноутбуков
Ремонт ноутбука Sony Vaio	|	Компьютерная помощь -> Ремонт компьютеров и ноутбуков
Ремонт ноутбука ASUS K43S	|	Компьютерная помощь -> Ремонт компьютеров и ноутбуков
Помочь настроить компьютер	|	Компьютерная помощь -> Ремонт компьютеров и ноутбуков
Устранить неполадок на ноутбуке	|	Компьютерная помощь -> Ремонт компьютеров и ноутбуков
Замена блока питания на системном блоке	|	Компьютерная помощь -> Ремонт компьютеров и ноутбуков
Ремонт ноутбука HP G62-346NR	|	Компьютерная помощь -> Ремонт компьютеров и ноутбуков
Диагностика и ремонт 2 ноутбуков	|	Компьютерная помощь -> Ремонт компьютеров и ноутбуков
Чистка ноутбука	|	Компьютерная помощь -> Ремонт компьютеров и ноутбуков
Отремонтировать ноутбуки	|	Компьютерная помощь -> Ремонт компьютеров и ноутбуков
Починить ноутбук Asus	|	Компьютерная помощь -> Ремонт компьютеров и ноутбуков
Ремонт ноутбука Acer Aspire V3-571G	|	Компьютерная помощь -> Ремонт компьютеров и ноутбуков
Провести диагностику	|	Компьютерная помощь -> Ремонт компьютеров и ноутбуков